Petras, petras@petras.lt, 123123
Antanas, antanas@antanas.lt, 125456
Kazys, kazys@kazys.lt, 1485668448
kelmas, KELMAS@kelmas.cc, 511cddsd
barzda, barzda@takas.lt, 561651
raketa, raketa@dangus.lt, efvnf1515
